symbol,exchange,enabled
AARTIIND,NSE,TRUE
ABB,NSE,TRUE
ABDL,NSE,TRUE
ACC,NSE,TRUE
ACE,NSE,TRUE
ACI,NSE,TRUE
AETHER,NSE,TRUE
AIAENG,NSE,TRUE
AJAXENGG,NSE,TRUE
AMBER,NSE,TRUE
AMBUJACEM,NSE,TRUE
APCOTEXIND,NSE,TRUE
APOLLOTYRE,NSE,TRUE
ARE&M,NSE,TRUE
ASAHIINDIA,NSE,TRUE
ASHOKLEY,NSE,TRUE
ASIANPAINT,NSE,TRUE
ASKAUTOLTD,NSE,TRUE
ASTRAMICRO,NSE,TRUE
ATHERENERG,NSE,TRUE
ATUL,NSE,TRUE
AZAD,NSE,TRUE
BAJAJELEC,NSE,TRUE
BALKRISIND,NSE,TRUE
BALRAMCHIN,NSE,TRUE
BALUFORGE,NSE,TRUE
BANARISUG,NSE,TRUE
BANCOINDIA,NSE,TRUE
BASF,NSE,TRUE
BAYERCROP,NSE,TRUE
BBTC,NSE,TRUE
BDL,NSE,TRUE
BEL,NSE,TRUE
BELRISE,NSE,TRUE
BERGEPAINT,NSE,TRUE
BHARATFORG,NSE,TRUE
BHEL,NSE,TRUE
BLUESTARCO,NSE,TRUE
BNAGROCHEM,NSE,TRUE
BOROLTD,NSE,TRUE
BOSCH-HCIL,NSE,TRUE
CARBORUNIV,NSE,TRUE
CASTROLIND,NSE,TRUE
CCL,NSE,TRUE
CEATLTD,NSE,TRUE
CENTURYPLY,NSE,TRUE
CERA,NSE,TRUE
CGPOWER,NSE,TRUE
CHAMBLFERT,NSE,TRUE
CIEINDIA,NSE,TRUE
CLEAN,NSE,TRUE
COROMANDEL,NSE,TRUE
CRAFTSMAN,NSE,TRUE
CROMPTON,NSE,TRUE
CUMMINSIND,NSE,TRUE
DALBHARAT,NSE,TRUE
DALMIASUG,NSE,TRUE
DATAPATTNS,NSE,TRUE
DCMSHRIRAM,NSE,TRUE
DEEPAKFERT,NSE,TRUE
DEEPAKNTR,NSE,TRUE
DHANUKA,NSE,TRUE
EICHERMOT,NSE,TRUE
EIDPARRY,NSE,TRUE
ELECON,NSE,TRUE
ELGIEQUIP,NSE,TRUE
ENDURANCE,NSE,TRUE
ENGINERSIN,NSE,TRUE
ENRIN,NSE,TRUE
EPIGRAL,NSE,TRUE
ESABINDIA,NSE,TRUE
ESCORTS,NSE,TRUE
EUREKAFORB,NSE,TRUE
EVEREADY,NSE,TRUE
EXICOM,NSE,TRUE
EXIDEIND,NSE,TRUE
FIEMIND,NSE,TRUE
FINEORG,NSE,TRUE
FLUOROCHEM,NSE,TRUE
GABRIEL,NSE,TRUE
GANDHAR,NSE,TRUE
GENUSPOWER,NSE,TRUE
GHCL,NSE,TRUE
GLOBUSSPR,NSE,TRUE
GMBREW,NSE,TRUE
GMRAIRPORT,NSE,TRUE
GODREJIND,NSE,TRUE
GRAPHITE,NSE,TRUE
GRASIM,NSE,TRUE
GREAVESCOT,NSE,TRUE
GREENLAM,NSE,TRUE
GREENPANEL,NSE,TRUE
GREENPLY,NSE,TRUE
GRINDWELL,NSE,TRUE
GSFC,NSE,TRUE
GUJALKALI,NSE,TRUE
GULFOILLUB,NSE,TRUE
GVT&D,NSE,TRUE
HAL,NSE,TRUE
HAPPYFORGE,NSE,TRUE
HAVELLS,NSE,TRUE
HBLENGINE,NSE,TRUE
HEIDELBERG,NSE,TRUE
HEROMOTOCO,NSE,TRUE
HNDFDS,NSE,TRUE
HONDAPOWER,NSE,TRUE
HPL,NSE,TRUE
HSCL,NSE,TRUE
HYUNDAI,NSE,TRUE
IFBIND,NSE,TRUE
INDIACEM,NSE,TRUE
INDIGO,NSE,TRUE
INDIGOPNTS,NSE,TRUE
INGERRAND,NSE,TRUE
INOXINDIA,NSE,TRUE
INOXWIND,NSE,TRUE
JAMNAAUTO,NSE,TRUE
JBMA,NSE,TRUE
JKCEMENT,NSE,TRUE
JKLAKSHMI,NSE,TRUE
JKTYRE,NSE,TRUE
JSWCEMENT,NSE,TRUE
JSWDULUX,NSE,TRUE
JTEKTINDIA,NSE,TRUE
JWL,NSE,TRUE
JYOTICNC,NSE,TRUE
KAJARIACER,NSE,TRUE
KANSAINER,NSE,TRUE
KCP,NSE,TRUE
KIRLOSBROS,NSE,TRUE
KRISHANA,NSE,TRUE
KSB,NSE,TRUE
KSCL,NSE,TRUE
LAOPALA,NSE,TRUE
LGBBROSLTD,NSE,TRUE
LGEINDIA,NSE,TRUE
LLOYDSENGG,NSE,TRUE
LUMAXIND,NSE,TRUE
LUMAXTECH,NSE,TRUE
LXCHEM,NSE,TRUE
M&M,NSE,TRUE
MANORAMA,NSE,TRUE
MINDACORP,NSE,TRUE
MOTHERSON,NSE,TRUE
NACLIND,NSE,TRUE
NEOGEN,NSE,TRUE
NETWEB,NSE,TRUE
NITCO,NSE,TRUE
NRBBEARING,NSE,TRUE
NUVOCO,NSE,TRUE
OLAELEC,NSE,TRUE
OLECTRA,NSE,TRUE
ORIENTCEM,NSE,TRUE
ORIENTELEC,NSE,TRUE
OSWALPUMPS,NSE,TRUE
PARAS,NSE,TRUE
PGEL,NSE,TRUE
PICCADIL,NSE,TRUE
PIDILITIND,NSE,TRUE
PIIND,NSE,TRUE
PIXTRANS,NSE,TRUE
POKARNA,NSE,TRUE
PRAJIND,NSE,TRUE
PREMEXPLN,NSE,TRUE
PRICOLLTD,NSE,TRUE
PRIVISCL,NSE,TRUE
PRSMJOHNSN,NSE,TRUE
QPOWER,NSE,TRUE
RADICO,NSE,TRUE
RALLIS,NSE,TRUE
RAMCOCEM,NSE,TRUE
RAMCOIND,NSE,TRUE
RCF,NSE,TRUE
RHIM,NSE,TRUE
RKFORGE,NSE,TRUE
ROLEXRINGS,NSE,TRUE
ROSSARI,NSE,TRUE
SANSERA,NSE,TRUE
SCHAEFFLER,NSE,TRUE
SCHNEIDER,NSE,TRUE
SERVOTECH,NSE,TRUE
SHAKTIPUMP,NSE,TRUE
SHANTIGEAR,NSE,TRUE
SHARDAMOTR,NSE,TRUE
SHRIPISTON,NSE,TRUE
SIEMENS,NSE,TRUE
SJS,NSE,TRUE
SKFINDIA,NSE,TRUE
SKIPPER,NSE,TRUE
SMLMAH,NSE,TRUE
SOMANYCERA,NSE,TRUE
SONACOMS,NSE,TRUE
SOTL,NSE,TRUE
SRF,NSE,TRUE
SSWL,NSE,TRUE
STARCEMENT,NSE,TRUE
STYLAMIND,NSE,TRUE
STYRENIX,NSE,TRUE
SUBROS,NSE,TRUE
SUDARSCHEM,NSE,TRUE
SUMICHEM,NSE,TRUE
SUNDRMFAST,NSE,TRUE
SUPRAJIT,NSE,TRUE
SUZLON,NSE,TRUE
SWARAJENG,NSE,TRUE
SYMPHONY,NSE,TRUE
TATACHEM,NSE,TRUE
TATACONSUM,NSE,TRUE
TATVA,NSE,TRUE
TEGA,NSE,TRUE
TENNIND,NSE,TRUE
TEXRAIL,NSE,TRUE
THERMAX,NSE,TRUE
TI,NSE,TRUE
TIINDIA,NSE,TRUE
TIMKEN,NSE,TRUE
TITAGARH,NSE,TRUE
TMPV,NSE,TRUE
TRANSRAILL,NSE,TRUE
TRITURBINE,NSE,TRUE
TRIVENI,NSE,TRUE
TRUALT,NSE,TRUE
TTKPRESTIG,NSE,TRUE
TVSMOTOR,NSE,TRUE
TVSSRICHAK,NSE,TRUE
UBL,NSE,TRUE
UNIMECH,NSE,TRUE
UNITDSPR,NSE,TRUE
UNOMINDA,NSE,TRUE
UPL,NSE,TRUE
VARROC,NSE,TRUE
VEEDOL,NSE,TRUE
VENKEYS,NSE,TRUE
VESUVIUS,NSE,TRUE
VGUARD,NSE,TRUE
VINATIORGA,NSE,TRUE
VISHNU,NSE,TRUE
VOLTAS,NSE,TRUE
VSTTILLERS,NSE,TRUE
WAAREEENER,NSE,TRUE
WENDT,NSE,TRUE
WHEELS,NSE,TRUE
WHIRLPOOL,NSE,TRUE
YASHO,NSE,TRUE
ZENTEC,NSE,TRUE
ZFCVINDIA,NSE,TRUE
ADFFOODS,NSE,TRUE
AEGISVOPAK,NSE,TRUE
AEQUS,NSE,TRUE
AFCONS,NSE,TRUE
AGI,NSE,TRUE
APLAPOLLO,NSE,TRUE
APOLLO,NSE,TRUE
ASHAPURMIN,NSE,TRUE
ASHOKA,NSE,TRUE
ATGL,NSE,TRUE
ATLANTAELE,NSE,TRUE
AUBANK,NSE,TRUE
AUTOAXLES,NSE,TRUE
AVALON,NSE,TRUE
AVANTIFEED,NSE,TRUE
AWL,NSE,TRUE
AXISBANK,NSE,TRUE
BAJAJCON,NSE,TRUE
BANDHANBNK,NSE,TRUE
BANKBARODA,NSE,TRUE
BANKINDIA,NSE,TRUE
BANSALWIRE,NSE,TRUE
BECTORFOOD,NSE,TRUE
BEPL,NSE,TRUE
BHAGCHEM,NSE,TRUE
BHARATRAS,NSE,TRUE
BIKAJI,NSE,TRUE
BLS,NSE,TRUE
BODALCHEM,NSE,TRUE
BPCL,NSE,TRUE
BRITANNIA,NSE,TRUE
CAMLINFINE,NSE,TRUE
CANBK,NSE,TRUE
CARRARO,NSE,TRUE
CARYSIL,NSE,TRUE
CEIGALL,NSE,TRUE
CEMPRO,NSE,TRUE
CENTUM,NSE,TRUE
CHALET,NSE,TRUE
CHEMPLASTS,NSE,TRUE
CHENNPETRO,NSE,TRUE
COALINDIA,NSE,TRUE
COLPAL,NSE,TRUE
CONFIPET,NSE,TRUE
CRIZAC,NSE,TRUE
CSBBANK,NSE,TRUE
CUB,NSE,TRUE
CUPID,NSE,TRUE
CYIENTDLM,NSE,TRUE
DABUR,NSE,TRUE
DCBBANK,NSE,TRUE
DEEPINDS,NSE,TRUE
DEVYANI,NSE,TRUE
DIACABS-BE,NSE,TRUE
DIVGIITTS,NSE,TRUE
DODLA,NSE,TRUE
DOLPHIN,NSE,TRUE
DOMS,NSE,TRUE
EIHOTEL,NSE,TRUE
ELECTCAST,NSE,TRUE
ELLEN,NSE,TRUE
EMAMILTD,NSE,TRUE
EPL,NSE,TRUE
EQUITASBNK,NSE,TRUE
FEDERALBNK,NSE,TRUE
FINCABLES,NSE,TRUE
FLAIR,NSE,TRUE
GAIL,NSE,TRUE
GALAXYSURF,NSE,TRUE
GALLANTT,NSE,TRUE
GILLETTE,NSE,TRUE
GMDCLTD,NSE,TRUE
GNA,NSE,TRUE
GOCLCORP,NSE,TRUE
GODFRYPHLP,NSE,TRUE
GODREJAGRO,NSE,TRUE
GODREJCP,NSE,TRUE
GOKULAGRO,NSE,TRUE
GOLDIAM,NSE,TRUE
GOPAL,NSE,TRUE
GPIL,NSE,TRUE
GRAUWEIL,NSE,TRUE
GRINFRA,NSE,TRUE
GSPCROP,NSE,TRUE
GUJENERGY,NSE,TRUE
GVPIL,NSE,TRUE
HATSUN,NSE,TRUE
HDFCBANK,NSE,TRUE
HERITGFOOD,NSE,TRUE
HGINFRA,NSE,TRUE
HINDOILEXP,NSE,TRUE
HINDPETRO,NSE,TRUE
HINDUNILVR,NSE,TRUE
ICICIBANK,NSE,TRUE
IDBI,NSE,TRUE
IDFCFIRSTB,NSE,TRUE
IGIL,NSE,TRUE
IGL,NSE,TRUE
IMFA,NSE,TRUE
INDGN,NSE,TRUE
INDHOTEL,NSE,TRUE
INDIANB,NSE,TRUE
INDUSINDBK,NSE,TRUE
INOXGREEN,NSE,TRUE
IOC,NSE,TRUE
IONEXCHANG,NSE,TRUE
IRB,NSE,TRUE
IRCON,NSE,TRUE
IRCTC,NSE,TRUE
IRMENERGY,NSE,TRUE
ISGEC,NSE,TRUE
ITC,NSE,TRUE
ITCHOTELS,NSE,TRUE
ITDC,NSE,TRUE
IXIGO,NSE,TRUE
J&KBANK,NSE,TRUE
JAIBALAJI,NSE,TRUE
JGCHEM,NSE,TRUE
JINDALSAW,NSE,TRUE
JINDALSTEL,NSE,TRUE
JINDRILL,NSE,TRUE
JKIL,NSE,TRUE
JSFB,NSE,TRUE
JSL,NSE,TRUE
JSWSTEEL,NSE,TRUE
JTLIND,NSE,TRUE
JUBLCPL,NSE,TRUE
JUBLFOOD,NSE,TRUE
JYOTHYLAB,NSE,TRUE
KALPATARU,NSE,TRUE
KALYANKJIL,NSE,TRUE
KARURVYSYA,NSE,TRUE
KAYNES,NSE,TRUE
KEC,NSE,TRUE
KEI,NSE,TRUE
KERNEX,NSE,TRUE
KIOCL,NSE,TRUE
KIRLFER,NSE,TRUE
KNRCON,NSE,TRUE
KRBL,NSE,TRUE
KTKBANK,NSE,TRUE
LANDMARK,NSE,TRUE
LATENTVIEW,NSE,TRUE
LEAPIND,NSE,TRUE
LEMONTREE,NSE,TRUE
LINDEINDIA,NSE,TRUE
LLOYDSME,NSE,TRUE
LT,NSE,TRUE
LTFOODS,NSE,TRUE
MAHABANK,NSE,TRUE
MAHSEAMLES,NSE,TRUE
MAITHANALL,NSE,TRUE
MANINFRA,NSE,TRUE
MARICO,NSE,TRUE
MGL,NSE,TRUE
MHRIL,NSE,TRUE
MIDHANI,NSE,TRUE
MMFL,NSE,TRUE
MOIL,NSE,TRUE
MRPL,NSE,TRUE
NAVA,NSE,TRUE
NBCC,NSE,TRUE
NCC,NSE,TRUE
NESCO,NSE,TRUE
NESTLEIND,NSE,TRUE
NFL,NSE,TRUE
NMDC,NSE,TRUE
NOCIL,NSE,TRUE
NSLNISP,NSE,TRUE
OIL,NSE,TRUE
ONGC,NSE,TRUE
ORISSAMINE,NSE,TRUE
ORKLAINDIA,NSE,TRUE
PANAMAPET,NSE,TRUE
PARACABLES,NSE,TRUE
PARAGMILK,NSE,TRUE
PATANJALI,NSE,TRUE
PETRONET,NSE,TRUE
PFOCUS,NSE,TRUE
PGHL,NSE,TRUE
PNB,NSE,TRUE
PNGJL,NSE,TRUE
POLYCAB,NSE,TRUE
POWERMECH,NSE,TRUE
PRABHA,NSE,TRUE
PRECWIRE,NSE,TRUE
PREMIERENE,NSE,TRUE
PWL,NSE,TRUE
QUADFUTURE,NSE,TRUE
RAIN,NSE,TRUE
RAJRATAN,NSE,TRUE
RATNAMANI,NSE,TRUE
RBA,NSE,TRUE
RBLBANK,NSE,TRUE
REFEX,NSE,TRUE
RELIANCE,NSE,TRUE
RITES,NSE,TRUE
RML,NSE,TRUE
RPEL,NSE,TRUE
RRKABEL,NSE,TRUE
RVNL,NSE,TRUE
SAFARI,NSE,TRUE
SAIL,NSE,TRUE
SANDHAR,NSE,TRUE
SANDUMA,NSE,TRUE
SAPPHIRE,NSE,TRUE
SARDAEN,NSE,TRUE
SBIN,NSE,TRUE
SFL,NSE,TRUE
SHK,NSE,TRUE
SHYAMMETL,NSE,TRUE
SIGMAADV-BE,NSE,TRUE
SIRCA,NSE,TRUE
SIS,NSE,TRUE
SKYGOLD,NSE,TRUE
SMARTWORKS,NSE,TRUE
SPLPETRO,NSE,TRUE
STEELCAS,NSE,TRUE
SUNCLAY,NSE,TRUE
SUNDROP,NSE,TRUE
SURYAROSNI,NSE,TRUE
SYRMA,NSE,TRUE
TALBROAUTO,NSE,TRUE
TATASTEEL,NSE,TRUE
TBOTEK,NSE,TRUE
TCPLPACK,NSE,TRUE
TECHNOE,NSE,TRUE
THANGAMAYL,NSE,TRUE
THELEELA,NSE,TRUE
THOMASCOOK,NSE,TRUE
TIIL,NSE,TRUE
TITAN,NSE,TRUE
TMB,NSE,TRUE
UJJIVANSFB,NSE,TRUE
UNIONBANK,NSE,TRUE
UNIVCABLES,NSE,TRUE
USHAMART,NSE,TRUE
VADILALIND,NSE,TRUE
VBL,NSE,TRUE
VENTIVE,NSE,TRUE
VIPIND,NSE,TRUE
VSTIND,NSE,TRUE
WABAG,NSE,TRUE
WELCORP,NSE,TRUE
WESTLIFE,NSE,TRUE
ZYDUSWELL,NSE,TRUE
360ONE,NSE,TRUE
63MOONS,NSE,TRUE
AADHARHFC,NSE,TRUE
AARTIDRUGS,NSE,TRUE
AARTIPHARM,NSE,TRUE
ABCAPITAL,NSE,TRUE
ABSLAMC,NSE,TRUE
ACCELYA,NSE,TRUE
ACUTAAS,NSE,TRUE
AFFLE,NSE,TRUE
AGARWALEYE,NSE,TRUE
AIIL,NSE,TRUE
AJANTPHARM,NSE,TRUE
AKUMS,NSE,TRUE
ALEMBICLTD,NSE,TRUE
ALIVUS,NSE,TRUE
ALKEM,NSE,TRUE
AMAGI,NSE,TRUE
ANANDRATHI,NSE,TRUE
ANGELONE,NSE,TRUE
ANTELOPUS,NSE,TRUE
ANTHEM,NSE,TRUE
APOLLOHOSP,NSE,TRUE
APTUS,NSE,TRUE
ASIANENE,NSE,TRUE
ASTERDM,NSE,TRUE
ASTRAZEN,NSE,TRUE
AUGMONT,NSE,TRUE
AURIONPRO,NSE,TRUE
AUROPHARMA,NSE,TRUE
AVANTEL,NSE,TRUE
AXISCADES,NSE,TRUE
BAJAJFINSV,NSE,TRUE
BAJAJHFL,NSE,TRUE
BAJFINANCE,NSE,TRUE
BIOCON,NSE,TRUE
BLUEJET,NSE,TRUE
BSE,NSE,TRUE
BSOFT,NSE,TRUE
CAMS,NSE,TRUE
CAPLIPOINT,NSE,TRUE
CARERATING,NSE,TRUE
CARTRADE,NSE,TRUE
CCAVENUE,NSE,TRUE
CDSL,NSE,TRUE
CGCL,NSE,TRUE
CHOICEIN,NSE,TRUE
CHOLAFIN,NSE,TRUE
CHOLAHLDNG,NSE,TRUE
CIPLA,NSE,TRUE
CMSINFO,NSE,TRUE
COCKERILL,NSE,TRUE
COFORGE,NSE,TRUE
COHANCE,NSE,TRUE
CONCORDBIO,NSE,TRUE
CREDITACC,NSE,TRUE
CRISIL,NSE,TRUE
CYIENT,NSE,TRUE
DATAMATICS,NSE,TRUE
DEEDEV,NSE,TRUE
DIGITIDE,NSE,TRUE
DLINKINDIA,NSE,TRUE
DRAGARWQ,NSE,TRUE
DRREDDY,NSE,TRUE
E2E-BE,NSE,TRUE
ECLERX,NSE,TRUE
EDELWEISS,NSE,TRUE
EMCURE,NSE,TRUE
EMUDHRA,NSE,TRUE
ERIS,NSE,TRUE
ETERNAL,NSE,TRUE
EUROPRATIK,NSE,TRUE
FDC,NSE,TRUE
FIRSTCRY,NSE,TRUE
FIVESTAR,NSE,TRUE
FORTIS,NSE,TRUE
FRACTAL,NSE,TRUE
FSL,NSE,TRUE
GENESYS,NSE,TRUE
GICRE,NSE,TRUE
GLAND,NSE,TRUE
GLAXO,NSE,TRUE
GLENMARK,NSE,TRUE
GMMPFAUDLR,NSE,TRUE
GODIGIT,NSE,TRUE
GRANULES,NSE,TRUE
GROWW,NSE,TRUE
HAPPSTMNDS,NSE,TRUE
HARSHA,NSE,TRUE
HAWKINCOOK,NSE,TRUE
HCG,NSE,TRUE
HCLTECH,NSE,TRUE
HDBFS,NSE,TRUE
HDFCAMC,NSE,TRUE
HDFCLIFE,NSE,TRUE
HEXT,NSE,TRUE
HGS,NSE,TRUE
HIRECT,NSE,TRUE
HOMEFIRST,NSE,TRUE
HUDCO,NSE,TRUE
ICICIGI,NSE,TRUE
ICICIPRULI,NSE,TRUE
ICRA,NSE,TRUE
IFCI,NSE,TRUE
IIFL,NSE,TRUE
IIFLCAPS,NSE,TRUE
IKS,NSE,TRUE
INDIAMART,NSE,TRUE
INDOTECH,NSE,TRUE
INFY,NSE,TRUE
INNOVACAP,NSE,TRUE
INTELLECT,NSE,TRUE
IPCALAB,NSE,TRUE
IREDA,NSE,TRUE
IRFC,NSE,TRUE
JIOFIN,NSE,TRUE
JMFINANCIL,NSE,TRUE
JUBLPHARMA,NSE,TRUE
JUSTDIAL,NSE,TRUE
KDDL,NSE,TRUE
KENNAMET,NSE,TRUE
KFINTECH,NSE,TRUE
KIMS,NSE,TRUE
KIRLOSIND,NSE,TRUE
KIRLPNU,NSE,TRUE
KPITTECH,NSE,TRUE
KRN,NSE,TRUE
KSHINTL,NSE,TRUE
LALPATHLAB,NSE,TRUE
LAURUSLABS,NSE,TRUE
LENSKART,NSE,TRUE
LICHSGFIN,NSE,TRUE
LICI,NSE,TRUE
LTF,NSE,TRUE
LTM,NSE,TRUE
LTTS,NSE,TRUE
LUPIN,NSE,TRUE
M&MFIN,NSE,TRUE
MANAPPURAM,NSE,TRUE
MANIPALHOS,NSE,TRUE
MANKIND,NSE,TRUE
MARINE,NSE,TRUE
MARKSANS,NSE,TRUE
MASTEK,NSE,TRUE
MAXHEALTH,NSE,TRUE
MCX,NSE,TRUE
MEDANTA,NSE,TRUE
MEDIASSIST,NSE,TRUE
MEDPLUS,NSE,TRUE
METROPOLIS,NSE,TRUE
MFSL,NSE,TRUE
MIDWESTLTD,NSE,TRUE
MOBIKWIK,NSE,TRUE
MOSCHIP,NSE,TRUE
MOTILALOFS,NSE,TRUE
MPHASIS,NSE,TRUE
MSTCLTD,NSE,TRUE
MUTHOOTFIN,NSE,TRUE
NAM-INDIA,NSE,TRUE
NATCOPHARM,NSE,TRUE
NAUKRI,NSE,TRUE
NAZARA,NSE,TRUE
NELCO,NSE,TRUE
NEWGEN,NSE,TRUE
NH,NSE,TRUE
NIACL,NSE,TRUE
NIITLTD,NSE,TRUE
NIVABUPA,NSE,TRUE
NPST,NSE,TRUE
NUCLEUS,NSE,TRUE
NUVAMA,NSE,TRUE
NYKAA,NSE,TRUE
OMNI,NSE,TRUE
ONESOURCE,NSE,TRUE
PAYTM,NSE,TRUE
PERSISTENT,NSE,TRUE
PFC,NSE,TRUE
PFIZER,NSE,TRUE
PIRAMALFIN,NSE,TRUE
PNBHOUSING,NSE,TRUE
POLICYBZR,NSE,TRUE
POLYMED,NSE,TRUE
POONAWALLA,NSE,TRUE
POWERICA,NSE,TRUE
PPLPHARMA,NSE,TRUE
PRUDENT,NSE,TRUE
QUESS,NSE,TRUE
QUICKHEAL,NSE,TRUE
RAINBOW,NSE,TRUE
RAMRAT,NSE,TRUE
RATEGAIN,NSE,TRUE
RECLTD,NSE,TRUE
ROSSTECH,NSE,TRUE
ROUTE,NSE,TRUE
RSYSTEMS,NSE,TRUE
SAILIFE,NSE,TRUE
SAMMAANCAP,NSE,TRUE
SANGHVIMOV,NSE,TRUE
SANOFI,NSE,TRUE
SASKEN,NSE,TRUE
SBFC,NSE,TRUE
SBICARD,NSE,TRUE
SBIFUNDS,NSE,TRUE
SBILIFE,NSE,TRUE
SETL,NSE,TRUE
SHILCTECH,NSE,TRUE
SHILPAMED,NSE,TRUE
SHRIRAMFIN,NSE,TRUE
SONATSOFTW,NSE,TRUE
SPARC,NSE,TRUE
SPECTRUM-BE,NSE,TRUE
STAR,NSE,TRUE
STARHEALTH,NSE,TRUE
STOVEKRAFT,NSE,TRUE
STYL,NSE,TRUE
SUNDARMFIN,NSE,TRUE
SUNPHARMA,NSE,TRUE
SUPRIYA,NSE,TRUE
SUVEN,NSE,TRUE
SWIGGY,NSE,TRUE
SYNGENE,NSE,TRUE
TANLA,NSE,TRUE
TARIL,NSE,TRUE
TATACAP,NSE,TRUE
TATAELXSI,NSE,TRUE
TATAINVEST,NSE,TRUE
TATATECH,NSE,TRUE
TCS,NSE,TRUE
TECHM,NSE,TRUE
TEMPSENS,NSE,TRUE
THYROCARE,NSE,TRUE
TIMEX,NSE,TRUE
TORNTPHARM,NSE,TRUE
TSFINV,NSE,TRUE
UNIPARTS,NSE,TRUE
URBANCO,NSE,TRUE
UTIAMC,NSE,TRUE
VIJAYA,NSE,TRUE
VIYASH,NSE,TRUE
WIPRO,NSE,TRUE
WOCKPHARMA,NSE,TRUE
WPIL,NSE,TRUE
YATHARTH,NSE,TRUE
ZAGGLE,NSE,TRUE
ZENSARTECH,NSE,TRUE
ZYDUSLIFE,NSE,TRUE
ABFRL,NSE,TRUE
ABLBL,NSE,TRUE
ABREL,NSE,TRUE
ACMESOLAR,NSE,TRUE
ADANIENSOL,NSE,TRUE
ADANIENT,NSE,TRUE
ADANIGREEN,NSE,TRUE
ADANIPORTS,NSE,TRUE
ADANIPOWER,NSE,TRUE
ADOR,NSE,TRUE
ADVAIT,NSE,TRUE
AEGISLOG,NSE,TRUE
AEROPLANE,NSE,TRUE
ALKYLAMINE,NSE,TRUE
ALPEXSOLAR-SM,NSE,TRUE
ANANTRAJ,NSE,TRUE
ANDHRAPAP,NSE,TRUE
ANUP,NSE,TRUE
ANURAS,NSE,TRUE
APOLLOPIPE,NSE,TRUE
ARVIND,NSE,TRUE
ARVINDFASN,NSE,TRUE
ASTRAL,NSE,TRUE
AVL,NSE,TRUE
AWFIS,NSE,TRUE
BALAMINES,NSE,TRUE
BALMLAWRIE,NSE,TRUE
BATAINDIA,NSE,TRUE
BBL,NSE,TRUE
BBOX,NSE,TRUE
BFUTILITIE,NSE,TRUE
BHARTIARTL,NSE,TRUE
BHARTIHEXA,NSE,TRUE
BLACKBUCK,NSE,TRUE
BLUEDART,NSE,TRUE
BOMDYEING,NSE,TRUE
BRIGADE,NSE,TRUE
CAMPUS,NSE,TRUE
CANFINHOME,NSE,TRUE
CANHLIFE,NSE,TRUE
CANTABIL,NSE,TRUE
CELLO,NSE,TRUE
CESC,NSE,TRUE
CLEANMAX,NSE,TRUE
CMPDI,NSE,TRUE
CMRGREEN,NSE,TRUE
COCHINSHIP,NSE,TRUE
CONCOR,NSE,TRUE
COSMOFIRST,NSE,TRUE
CPPLUS,NSE,TRUE
DBCORP,NSE,TRUE
DBREALTY,NSE,TRUE
DDEVPLSTIK,NSE,TRUE
DELHIVERY,NSE,TRUE
DHOOTTRANS,NSE,TRUE
DIAMONDYD,NSE,TRUE
DLF,NSE,TRUE
DMART,NSE,TRUE
DOLLAR,NSE,TRUE
DPABHUSHAN,NSE,TRUE
DYCL,NSE,TRUE
EBGNG,NSE,TRUE
EMBDL,NSE,TRUE
EMIL,NSE,TRUE
ENTERO,NSE,TRUE
ETHOSLTD,NSE,TRUE
FILATEX,NSE,TRUE
FINPIPE,NSE,TRUE
GANECOS,NSE,TRUE
GANESHHOU,NSE,TRUE
GARFIBRES,NSE,TRUE
GATEWAY,NSE,TRUE
GESHIP,NSE,TRUE
GIPCL,NSE,TRUE
GMRP&UI,NSE,TRUE
GNFC,NSE,TRUE
GOCOLORS,NSE,TRUE
GODREJPROP,NSE,TRUE
GOKEX,NSE,TRUE
GPPL,NSE,TRUE
GRAVITA,NSE,TRUE
GRSE,NSE,TRUE
GRWRHITECH,NSE,TRUE
HATHWAY,NSE,TRUE
HFCL-BE,NSE,TRUE
HINDALCO,NSE,TRUE
HINDCOPPER,NSE,TRUE
HINDZINC,NSE,TRUE
HONASA,NSE,TRUE
HUHTAMAKI,NSE,TRUE
ICIL,NSE,TRUE
IDEAFORGE,NSE,TRUE
IEX,NSE,TRUE
INA,NSE,TRUE
INDUSTOWER,NSE,TRUE
ITI,NSE,TRUE
JAINREC,NSE,TRUE
JASH,NSE,TRUE
JAYKAY,NSE,TRUE
JINDALPOLY,NSE,TRUE
JINDWORLD,NSE,TRUE
JKPAPER,NSE,TRUE
JNKINDIA,NSE,TRUE
JNPR,NSE,TRUE
JSLL,NSE,TRUE
JSWENERGY,NSE,TRUE
JSWINFRA,NSE,TRUE
JUBLINGREA,NSE,TRUE
KABRAEXTRU,NSE,TRUE
KALAMANDIR,NSE,TRUE
KINGFA,NSE,TRUE
KITEX,NSE,TRUE
KLBRENG-B,NSE,TRUE
KMEW,NSE,TRUE
KNACK,NSE,TRUE
KPIGREEN,NSE,TRUE
KPRMILL,NSE,TRUE
LASERPOWER,NSE,TRUE
LLOYDSENT,NSE,TRUE
LODHA,NSE,TRUE
LOTUSDEV-BE,NSE,TRUE
LUMINO,NSE,TRUE
LUXIND,NSE,TRUE
MAHLIFE,NSE,TRUE
MAHLOG,NSE,TRUE
MANYAVAR,NSE,TRUE
MARSONS,NSE,TRUE
MAXESTATES,NSE,TRUE
MAYURUNIQ,NSE,TRUE
MAZDOCK,NSE,TRUE
METROBRAND,NSE,TRUE
MMTC,NSE,TRUE
MOLDTKPAC,NSE,TRUE
MONOLITH-SM,NSE,TRUE
MPSLTD,NSE,TRUE
MVELECTRO,NSE,TRUE
NATIONALUM,NSE,TRUE
NAVNETEDUL,NSE,TRUE
NETWORK18,NSE,TRUE
NHPC,NSE,TRUE
NIBE,NSE,TRUE
NILKAMAL,NSE,TRUE
NLCINDIA,NSE,TRUE
NTPC,NSE,TRUE
NTPCGREEN,NSE,TRUE
OBEROIRLTY,NSE,TRUE
OBSCP-SM,NSE,TRUE
OPTIEMUS,NSE,TRUE
PCBL,NSE,TRUE
PDSL,NSE,TRUE
PGIL,NSE,TRUE
PHOENIXLTD,NSE,TRUE
POLYPLEX,NSE,TRUE
POWERGRID,NSE,TRUE
PRESTIGE,NSE,TRUE
PRINCEPIPE,NSE,TRUE
PTC,NSE,TRUE
PURVA,NSE,TRUE
RAILTEL,NSE,TRUE
RAYMOND,NSE,TRUE
RAYMONDLSL,NSE,TRUE
REDINGTON,NSE,TRUE
REDTAPE,NSE,TRUE
RELAXO,NSE,TRUE
RELTD,NSE,TRUE
RESPONIND,NSE,TRUE
RISHABH,NSE,TRUE
RPTECH,NSE,TRUE
SAATVIKGL,NSE,TRUE
SANATHAN,NSE,TRUE
SANSTAR,NSE,TRUE
SAREGAMA,NSE,TRUE
SARTELE-SM,NSE,TRUE
SBCL,NSE,TRUE
SCI,NSE,TRUE
SEAMECLTD,NSE,TRUE
SEDEMAC,NSE,TRUE
SESHAPAPER,NSE,TRUE
SGMART,NSE,TRUE
SHAILY,NSE,TRUE
SHANTIGOLD,NSE,TRUE
SHARDACROP,NSE,TRUE
SHOPERSTOP,NSE,TRUE
SHRINGARMS,NSE,TRUE
SIGNATURE,NSE,TRUE
SIKA,NSE,TRUE
SIYSIL,NSE,TRUE
SJVN,NSE,TRUE
SOBHA,NSE,TRUE
SPAL,NSE,TRUE
STYLEBAAZA,NSE,TRUE
SUNTV,NSE,TRUE
SUPREMEIND,NSE,TRUE
SWANCORP,NSE,TRUE
TARSONS,NSE,TRUE
TATACOMM,NSE,TRUE
TATAPOWER,NSE,TRUE
TCI,NSE,TRUE
TCIEXP,NSE,TRUE
TEAMLEASE,NSE,TRUE
TEJASNET,NSE,TRUE
THEJO,NSE,TRUE
TIL-BE,NSE,TRUE
TIMETECHNO,NSE,TRUE
TIPSMUSIC,NSE,TRUE
TORNTPOWER,NSE,TRUE
TRENT,NSE,TRUE
TVSSCS,NSE,TRUE
UEL,NSE,TRUE
UFLEX,NSE,TRUE
UTLSOLAR,NSE,TRUE
V2RETAIL,NSE,TRUE
VAIBHAVGBL,NSE,TRUE
VAML,NSE,TRUE
VEDL,NSE,TRUE
VEDPOWER,NSE,TRUE
VERTOZ,NSE,TRUE
VIKRAMSOLR,NSE,TRUE
VINDHYATEL,NSE,TRUE
VMART,NSE,TRUE
VMM,NSE,TRUE
VOGL,NSE,TRUE
VRLLOG,NSE,TRUE
VTL,NSE,TRUE
WAAREERTL,NSE,TRUE
WAKEFIT,NSE,TRUE
WEBELSOLAR,NSE,TRUE
WELSPUNLIV,NSE,TRUE
WINDMACHIN,NSE,TRUE
WSTCSTPAPR,NSE,TRUE
XPROINDIA,NSE,TRUE
ZEEL,NSE,TRUE
AAVAS,NSE,TRUE
ADVENZYMES,NSE,TRUE
AGIIL,NSE,TRUE
AHLUCONT,NSE,TRUE
AJMERA,NSE,TRUE
ARKADE,NSE,TRUE
ARSSBL,NSE,TRUE
ARTEMISMED,NSE,TRUE
ARVSMART,NSE,TRUE
ASHIANA,NSE,TRUE
AYE,NSE,TRUE
BENGALASM,NSE,TRUE
BLSE,NSE,TRUE
BLUSPRING,NSE,TRUE
BRIGHOTEL,NSE,TRUE
BUILDPRO,NSE,TRUE
CAPILLARY,NSE,TRUE
CMLL,NSE,TRUE
CORDELIA,NSE,TRUE
CORONA,NSE,TRUE
CRAMC,NSE,TRUE
DBL,NSE,TRUE
DCAL,NSE,TRUE
DECNGOLD,NSE,TRUE
DREDGECORP,NSE,TRUE
EASEMYTRIP,NSE,TRUE
EFCIL,NSE,TRUE
EIEL,NSE,TRUE
ELPROINTL,NSE,TRUE
EMSLIMITED,NSE,TRUE
EPACKPEB,NSE,TRUE
FEDFINA,NSE,TRUE
FISCHER,NSE,TRUE
FUSION,NSE,TRUE
GKENERGY,NSE,TRUE
GUFICBIO,NSE,TRUE
GUJTHEM,NSE,TRUE
HCC,NSE,TRUE
HEMIPROP,NSE,TRUE
HIKAL,NSE,TRUE
HORIZONIND,NSE,TRUE
HUBTOWN,NSE,TRUE
IMAGICAA,NSE,TRUE
INDIASHLTR,NSE,TRUE
INDIQUBE,NSE,TRUE
INDORAMA,NSE,TRUE
INDOSTAR,NSE,TRUE
INDRAMEDCO,NSE,TRUE
INDSWFTLAB,NSE,TRUE
INTERARCH,NSE,TRUE
IOLCP,NSE,TRUE
JISLJALEQS,NSE,TRUE
JLHL,NSE,TRUE
JUNIPER,NSE,TRUE
KISSHT,NSE,TRUE
KKCL,NSE,TRUE
KOLTEPATIL,NSE,TRUE
KOVAI,NSE,TRUE
KPL,NSE,TRUE
KSL,NSE,TRUE
KUSUMGAR,NSE,TRUE
LCL,NSE,TRUE
MAPMYINDIA,NSE,TRUE
MARATHON,NSE,TRUE
MASFIN,NSE,TRUE
MOLBIO,NSE,TRUE
MONARCH,NSE,TRUE
MOREPENLAB,NSE,TRUE
MSPL,NSE,TRUE
MUKANDLTD,NSE,TRUE
MUTHOOTMF,NSE,TRUE
NIITMTS,NSE,TRUE
NIRLON,NSE,TRUE
NITINSPIN,NSE,TRUE
NORTHARC,NSE,TRUE
NOVARTIND,NSE,TRUE
NSIL,NSE,TRUE
OMAXE,NSE,TRUE
ORCHPHARMA,NSE,TRUE
ORIENTHOT,NSE,TRUE
PACEDIGITK,NSE,TRUE
PAISALO,NSE,TRUE
PARKHOSPS,NSE,TRUE
PARKHOTELS,NSE,TRUE
PATELENG,NSE,TRUE
PENIND,NSE,TRUE
PERNIASPOP,NSE,TRUE
PILANIINVS,NSE,TRUE
PNCINFRA,NSE,TRUE
POCL,NSE,TRUE
PRAKASH,NSE,TRUE
PSPPROJECT,NSE,TRUE
PVRINOX,NSE,TRUE
RAMCOSYS,NSE,TRUE
RAMKY,NSE,TRUE
RATNAVEER,NSE,TRUE
RELIGARE,NSE,TRUE
RPGLIFE,NSE,TRUE
RPSGVENT,NSE,TRUE
RTNINDIA,NSE,TRUE
RUSTOMJEE,NSE,TRUE
SAGILITY,NSE,TRUE
SAKAR,NSE,TRUE
SAKSOFT,NSE,TRUE
SAMBHV,NSE,TRUE
SAMHI,NSE,TRUE
SANGAMIND,NSE,TRUE
SANOFICONR,NSE,TRUE
SBC,NSE,TRUE
SEIL,NSE,TRUE
SENORES,NSE,TRUE
SGFIN,NSE,TRUE
SHAREINDIA,NSE,TRUE
SHIPROCKET,NSE,TRUE
SIMPLEXINF,NSE,TRUE
SINDHUTRAD,NSE,TRUE
SMSPHARMA,NSE,TRUE
SOLARA,NSE,TRUE
SPORTKING,NSE,TRUE
SUDEEPPHRM,NSE,TRUE
SUNSHINE,NSE,TRUE
SUNTECK,NSE,TRUE
SWANDEF-BE,NSE,TRUE
SWSOLAR,NSE,TRUE
SYMBIOTEC,NSE,TRUE
TAJGVK,NSE,TRUE
TARC,NSE,TRUE
TECHNVISN,NSE,TRUE
TFCILTD,NSE,TRUE
TRAVELFOOD,NSE,TRUE
TTML,NSE,TRUE
TURTLEMINT,NSE,TRUE
UNICHEMLAB,NSE,TRUE
VENUSPIPES,NSE,TRUE
VERANDA,NSE,TRUE
VINCOFE,NSE,TRUE
VSSL,NSE,TRUE
WELSPLSOL,NSE,TRUE
WEWORK,NSE,TRUE
WONDERLA,NSE,TRUE
ZOTA,NSE,TRUE
